OrganizationIdentifier,OrganizationFormalName,MonitoringLocationIdentifier,MonitoringLocationName,MonitoringLocationTypeName,MonitoringLocationDescriptionText,HUCEightDigitCode,DrainageAreaMeasure/MeasureValue,DrainageAreaMeasure/MeasureUnitCode,ContributingDrainageAreaMeasure/MeasureValue,ContributingDrainageAreaMeasure/MeasureUnitCode,LatitudeMeasure,LongitudeMeasure,SourceMapScaleNumeric,HorizontalAccuracyMeasure/MeasureValue,HorizontalAccuracyMeasure/MeasureUnitCode,HorizontalCollectionMethodName,HorizontalCoordinateReferenceSystemDatumName,VerticalMeasure/MeasureValue,VerticalMeasure/MeasureUnitCode,VerticalAccuracyMeasure/MeasureValue,VerticalAccuracyMeasure/MeasureUnitCode,VerticalCollectionMethodName,VerticalCoordinateReferenceSystemDatumName,CountryCode,StateCode,CountyCode,AquiferName,FormationTypeText,AquiferTypeName,ConstructionDateText,WellDepthMeasure/MeasureValue,WellDepthMeasure/MeasureUnitCode,WellHoleDepthMeasure/MeasureValue,WellHoleDepthMeasure/MeasureUnitCode,ProviderName
CA_BVR,"Big Valley Band of Pomo Indians of the Big Valley Rancheria, California (Tribal)",CA_BVR-AC1,Adobe Creek at Soda Bay Rd at Rancho De La Fuente,River/Stream,,,,,,,39.0153800000,-122.8709000000,,,,GPS-Unspecified,OTHER,,,,,,,US,06,033,,,,,,,,,STORET
CA_BVR,"Big Valley Band of Pomo Indians of the Big Valley Rancheria, California (Tribal)",CA_BVR-AC2,Adobe Creek Finley,River/Stream,,,,,,,39.0007000000,-122.8758000000,,,,GPS-Unspecified,OTHER,,,,,,,US,06,033,,,,,,,,,STORET
CA_BVR,"Big Valley Band of Pomo Indians of the Big Valley Rancheria, California (Tribal)",CA_BVR-AC3,Adobe Creek at Merritt Crossing,River/Stream,,,,,,,38.9826900000,-122.8788000000,,,,GPS-Unspecified,OTHER,,,,,,,US,06,033,,,,,,,,,STORET
CA_BVR,"Big Valley Band of Pomo Indians of the Big Valley Rancheria, California (Tribal)",CA_BVR-AC4,Adobe Creek Bell Hill,River/Stream,,,,,,,38.9573900000,-122.8913000000,,,,GPS-Unspecified,OTHER,,,,,,,US,06,033,,,,,,,,,STORET
CA_BVR,"Big Valley Band of Pomo Indians of the Big Valley Rancheria, California (Tribal)",CA_BVR-AP01,Austin Park 01,Lake,,,,,,,38.9598300000,-122.6502700000,,,,GPS-Unspecified,OTHER,,,,,,,US,06,033,,,,,,,,,STORET
CA_BVR,"Big Valley Band of Pomo Indians of the Big Valley Rancheria, California (Tribal)",CA_BVR-AW,Alternate Well,Well,,,,,,,39.0114300000,-122.8941000000,,,,GPS-Unspecified,OTHER,,,,,,,US,06,033,,,,,,,,,STORET
CA_BVR,"Big Valley Band of Pomo Indians of the Big Valley Rancheria, California (Tribal)",CA_BVR-BP,Buckingham Point,Lake,,,,,,,39.0010000000,-122.7507000000,,,,GPS-Unspecified,OTHER,,,,,,,US,06,033,,,,,,,,,STORET
CA_BVR,"Big Valley Band of Pomo Indians of the Big Valley Rancheria, California (Tribal)",CA_BVR-BVCL1,Agricultural Runoff Ditch 1490 Soda Bay Culvert,Land Runoff,,,,,,,39.0149513889,-122.8850000000,,,,GPS-Unspecified,OTHER,,,,,,,US,06,033,,,,,,,,,STORET
CA_BVR,"Big Valley Band of Pomo Indians of the Big Valley Rancheria, California (Tribal)",CA_BVR-BVCL10,Mouth of Catfish Alley (RETIRED SITE NUMBER),Lake,,18020116,,,,,39.0126105000,-122.5350000000,,,,GPS-Unspecified,NAD83,,,,,,,US,,,,,,,,,,,STORET
CA_BVR,"Big Valley Band of Pomo Indians of the Big Valley Rancheria, California (Tribal)",CA_BVR-BVCL11,Western Boundary (Wetland Tule Gathering site),Lake,,,,,,,39.0236900000,-122.8977000000,,,,GPS-Unspecified,OTHER,,,,,,,US,06,033,,,,,,,,,STORET
CA_BVR,"Big Valley Band of Pomo Indians of the Big Valley Rancheria, California (Tribal)",CA_BVR-BVCL12,Marina Lake Site,Lake,,,,,,,39.0224300000,-122.8878000000,,,,GPS-Unspecified,OTHER,,,,,,,US,06,033,,,,,,,,,STORET
CA_BVR,"Big Valley Band of Pomo Indians of the Big Valley Rancheria, California (Tribal)",CA_BVR-BVCL13,Rumsey Slough by the old bridge,Lake,,,,,,,39.0222200000,-122.8926000000,,,,GPS-Unspecified,OTHER,,,,,,,US,06,033,,,,,,,,,STORET
CA_BVR,"Big Valley Band of Pomo Indians of the Big Valley Rancheria, California (Tribal)",CA_BVR-BVCL14,Rumsey Slough End (Near Osprey Ct.),Lake,,,,,,,39.0150700000,-122.8907000000,,,,GPS-Unspecified,OTHER,,,,,,,US,06,033,,,,,,,,,STORET
CA_BVR,"Big Valley Band of Pomo Indians of the Big Valley Rancheria, California (Tribal)",CA_BVR-BVCL15,Rumsey Slough Mid Site (Wooldridge's property),Lake,,,,,,,39.0185400000,-122.8941000000,,,,GPS-Unspecified,OTHER,,,,,,,US,06,033,,,,,,,,,STORET
CA_BVR,"Big Valley Band of Pomo Indians of the Big Valley Rancheria, California (Tribal)",CA_BVR-BVCL16,Rumsey Slough Mouth (Catfish Alley),Lake,,,,,,,39.0241360000,-122.8904920000,,,,GPS-Unspecified,OTHER,,,,,,,US,06,033,,,,,,,,,STORET
CA_BVR,"Big Valley Band of Pomo Indians of the Big Valley Rancheria, California (Tribal)",CA_BVR-BVCL17,Deep Lake Station 2-300 Ft. West of BVCL5,Lake,,,,,,,39.0290872200,-122.8871642000,,,,GPS-Unspecified,OTHER,,,,,,,US,06,033,,,,,,,,,STORET
CA_BVR,"Big Valley Band of Pomo Indians of the Big Valley Rancheria, California (Tribal)",CA_BVR-BVCL18,Ag Drainage behind Mission Way,Land Runoff,,,,,,,39.0221313900,-122.8878461000,,,,GPS-Unspecified,OTHER,,,,,,,US,06,033,,,,,,,,,STORET
CA_BVR,"Big Valley Band of Pomo Indians of the Big Valley Rancheria, California (Tribal)",CA_BVR-BVCL19,Western Boundary Site 2 (cow's drinking point),Lake,,,,,,,39.0248300000,-122.8994000000,,,,GPS-Unspecified,OTHER,,,,,,,US,06,033,,,,,,,,,STORET
CA_BVR,"Big Valley Band of Pomo Indians of the Big Valley Rancheria, California (Tribal)",CA_BVR-BVCL2,Land's End Slough,Lake,,,,,,,39.0246436200,-122.8846558000,,,,GPS-Unspecified,OTHER,,,,,,,US,06,033,,,,,,,,,STORET
CA_BVR,"Big Valley Band of Pomo Indians of the Big Valley Rancheria, California (Tribal)",CA_BVR-BVCL20,Fishing Point (old pump house),Lake,,,,,,,39.0244800000,-122.8888000000,,,,GPS-Unspecified,OTHER,,,,,,,US,06,033,,,,,,,,,STORET
CA_BVR,"Big Valley Band of Pomo Indians of the Big Valley Rancheria, California (Tribal)",CA_BVR-BVCL3,Mouth of Land's End Slough,Lake,,,,,,,39.0269111100,-122.8849881000,,,,GPS-Unspecified,OTHER,,,,,,,US,06,033,,,,,,,,,STORET
CA_BVR,"Big Valley Band of Pomo Indians of the Big Valley Rancheria, California (Tribal)",CA_BVR-BVCL4,Soreline point Northern most tip of the Point (RETIRED SITE NUMBER),Lake,,18020116,,,,,39.0139310000,-122.5309750000,,,,GPS-Unspecified,NAD83,,,,,,,US,,,,,,,,,,,STORET
CA_BVR,"Big Valley Band of Pomo Indians of the Big Valley Rancheria, California (Tribal)",CA_BVR-BVCL5,Deep Lake Station 1-100 yds. off point,Lake,,,,,,,39.0287961100,-122.8847631000,,,,GPS-Unspecified,OTHER,,,,,,,US,06,033,,,,,,,,,STORET
CA_BVR,"Big Valley Band of Pomo Indians of the Big Valley Rancheria, California (Tribal)",CA_BVR-BVCL6,Tule Boat Launch (The Point),Lake,,,,,,,39.0268427800,-122.8869000000,,,,GPS-Unspecified,OTHER,,,,,,,US,06,033,,,,,,,,,STORET
CA_BVR,"Big Valley Band of Pomo Indians of the Big Valley Rancheria, California (Tribal)",CA_BVR-BVCL7,Hydrilla Buoy/Downstream of BVCL20/ Mouth of KVC Marina (RETIRED SITE),Lake,,,,,,,39.0125000000,-122.5305000000,,,,GPS-Unspecified,OTHER,,,,,,,US,06,033,,,,,,,,,STORET
CA_BVR,"Big Valley Band of Pomo Indians of the Big Valley Rancheria, California (Tribal)",CA_BVR-BVCL8,Tribal office/ Boat Ramp (RETIRED SITE),Lake,,18020116,,,,,39.0125000000,-122.5305000000,,,,GPS-Unspecified,NAD83,,,,,,,US,,,,,,,,,,,STORET
CA_BVR,"Big Valley Band of Pomo Indians of the Big Valley Rancheria, California (Tribal)",CA_BVR-BVCL9,Mouth of Adobe Creek,River/Stream,,,,,,,39.0125000000,-122.5305000000,,,,GPS-Unspecified,OTHER,,,,,,,US,06,033,,,,,,,,,STORET
CA_BVR,"Big Valley Band of Pomo Indians of the Big Valley Rancheria, California (Tribal)",CA_BVR-BVRTC1,Big Valley Rancheria Thompson Creek 1 (southern most area of Thompson Creek on Tribal land),River/Stream,,,,,,,39.0120110000,-122.8897080000,,,,GPS-Unspecified,OTHER,,,,,,,US,06,033,,,,,,,,,STORET
CA_BVR,"Big Valley Band of Pomo Indians of the Big Valley Rancheria, California (Tribal)",CA_BVR-BVRTCC,Big Valley Rancheria Thompson Creek Culvert,River/Stream,,,,,,,39.0144400000,-122.8900000000,,,,GPS-Unspecified,OTHER,,,,,,,US,06,033,,,,,,,,,STORET
CA_BVR,"Big Valley Band of Pomo Indians of the Big Valley Rancheria, California (Tribal)",CA_BVR-BVST1,Stormceptor Tank (interceptor tank at boat ramp),Storm Sewer,,,,,,,39.0218100000,-122.8877000000,,,,GPS-Unspecified,OTHER,,,,,,,US,06,033,,,,,,,,,STORET
CA_BVR,"Big Valley Band of Pomo Indians of the Big Valley Rancheria, California (Tribal)",CA_BVR-BVSWD1,Culvert from casino parking lot into Marina,"Pipe, Unspecified Source",,,,,,,39.0218000000,-122.8876000000,,,,GPS-Unspecified,OTHER,,,,,,,US,06,033,,,,,,,,,STORET
CA_BVR,"Big Valley Band of Pomo Indians of the Big Valley Rancheria, California (Tribal)",CA_BVR-BVSWD2,Culvert from RV Parking lot to Field behind Casino,"Pipe, Unspecified Source",,,,,,,39.0209150000,-122.8896970000,,,,GPS-Unspecified,OTHER,,,,,,,US,06,033,,,,,,,,,STORET
CA_BVR,"Big Valley Band of Pomo Indians of the Big Valley Rancheria, California (Tribal)",CA_BVR-CC1,Cole Creek at Soda Bay Rd. Bridge,River/Stream,,,,,,,39.0075600000,-122.8198000000,,,,GPS-Unspecified,OTHER,,,,,,,US,06,033,,,,,,,,,STORET
CA_BVR,"Big Valley Band of Pomo Indians of the Big Valley Rancheria, California (Tribal)",CA_BVR-CL-1,"State DWR-Upper Arm of Clear Lake, Center",Lake,,,,,,,39.0632000000,-122.8660000000,,,,GPS-Unspecified,OTHER,,,,,,,US,06,033,,,,,,,,,STORET
CA_BVR,"Big Valley Band of Pomo Indians of the Big Valley Rancheria, California (Tribal)",CA_BVR-CL-2,State DWR-Mouth of Rodman Slough,Lake,,18020116,,,,,39.1149000000,-122.8828000000,,,,GPS-Unspecified,NAD83,,,,,,,US,,,,,,,,,,,STORET
CA_BVR,"Big Valley Band of Pomo Indians of the Big Valley Rancheria, California (Tribal)",CA_BVR-CL-3,"State DWR-Lower Arm of Clear Lake, Center",Lake,,,,,,,38.9643000000,-122.6790000000,,,,GPS-Unspecified,OTHER,,,,,,,US,06,033,,,,,,,,,STORET
CA_BVR,"Big Valley Band of Pomo Indians of the Big Valley Rancheria, California (Tribal)",CA_BVR-CL-4,"State DWR-Oaks Arm of Clear Lake, Center",Lake,,,,,,,39.0116000000,-122.6790000000,,,,GPS-Unspecified,OTHER,,,,,,,US,06,033,,,,,,,,,STORET
CA_BVR,"Big Valley Band of Pomo Indians of the Big Valley Rancheria, California (Tribal)",CA_BVR-CL-5,State DWR-Rodman Slough Mouth of Clear Lake,Lake,,,,,,,39.1149000000,-122.8827770000,,,,GPS-Unspecified,OTHER,,,,,,,US,06,033,,,,,,,,,STORET
CA_BVR,"Big Valley Band of Pomo Indians of the Big Valley Rancheria, California (Tribal)",CA_BVR-CLOAKS01,Clear Lake Oaks,Lake,,,,,,,39.0192900000,-122.6751400000,,,,GPS-Unspecified,OTHER,,,,,,,US,06,033,,,,,,,,,STORET
CA_BVR,"Big Valley Band of Pomo Indians of the Big Valley Rancheria, California (Tribal)",CA_BVR-CLSP,Clear Lake State Park,Lake,,,,,,,39.0175000000,-122.8043000000,,,,GPS-Unspecified,OTHER,,,,,,,US,06,033,,,,,,,,,STORET
CA_BVR,"Big Valley Band of Pomo Indians of the Big Valley Rancheria, California (Tribal)",CA_BVR-CLV1,Clear Lake Vista 1,Lake,,18020116,,,,,39.0137000000,-122.8018000000,,,,GPS-Unspecified,NAD83,,,,,,,US,,,,,,,,,,,STORET
CA_BVR,"Big Valley Band of Pomo Indians of the Big Valley Rancheria, California (Tribal)",CA_BVR-CLV2,Clear Lake Vista 2,Lake,,18020116,,,,,39.0050000000,-122.7957000000,,,,GPS-Unspecified,NAD83,,,,,,,US,,,,,,,,,,,STORET
CA_BVR,"Big Valley Band of Pomo Indians of the Big Valley Rancheria, California (Tribal)",CA_BVR-CLV3,Clear Lake Vista 3,Lake,,18020116,,,,,39.0033000000,-122.7979000000,,,,GPS-Unspecified,NAD83,,,,,,,US,,,,,,,,,,,STORET
CA_BVR,"Big Valley Band of Pomo Indians of the Big Valley Rancheria, California (Tribal)",CA_BVR-CLV4,Clear Lake Vista 4,Lake,,18020116,,,,,39.0027000000,-122.7972000000,,,,GPS-Unspecified,NAD83,,,,,,,US,,,,,,,,,,,STORET
CA_BVR,"Big Valley Band of Pomo Indians of the Big Valley Rancheria, California (Tribal)",CA_BVR-CLV5,Clear Lake Vista 5,Lake,,18020116,,,,,39.0052000000,-122.7918000000,,,,GPS-Unspecified,NAD83,,,,,,,US,,,,,,,,,,,STORET
CA_BVR,"Big Valley Band of Pomo Indians of the Big Valley Rancheria, California (Tribal)",CA_BVR-CLV6,Clear Lake Vista 6,Lake,,18020116,,,,,39.0077000000,-122.7910000000,,,,GPS-Unspecified,NAD83,,,,,,,US,,,,,,,,,,,STORET
CA_BVR,"Big Valley Band of Pomo Indians of the Big Valley Rancheria, California (Tribal)",CA_BVR-CLV7,Clear Lake Vista 7 At boat launch,Lake,,,,,,,39.0028000000,-122.7977000000,,,,GPS-Unspecified,OTHER,,,,,,,US,06,033,,,,,,,,,STORET
CA_BVR,"Big Valley Band of Pomo Indians of the Big Valley Rancheria, California (Tribal)",CA_BVR-CLVSW8,"Clear Lake Vista Storm Water 8 Eastern edge of property, drains Soda Bay Rd.","Pipe, Unspecified Source",,,,,,,39.0423600000,-122.9129000000,,,,GPS-Unspecified,OTHER,,,,,,,US,06,033,,,,,,,,,STORET
CA_BVR,"Big Valley Band of Pomo Indians of the Big Valley Rancheria, California (Tribal)",CA_BVR-CP,County Park at beach,Lake,,,,,,,39.0287000000,-122.8486000000,,,,GPS-Unspecified,OTHER,,,,,,,US,06,033,,,,,,,,,STORET
CA_BVR,"Big Valley Band of Pomo Indians of the Big Valley Rancheria, California (Tribal)",CA_BVR-ELEM01,At end of El-Em St. on Elem Indian Colony,Lake,,,,,,,39.0094000000,-122.6738390000,,,,GPS-Unspecified,OTHER,,,,,,,US,06,033,,,,,,,,,STORET
CA_BVR,"Big Valley Band of Pomo Indians of the Big Valley Rancheria, California (Tribal)",CA_BVR-FC1,Forbes Creek at Martin St. in Lakeport,River/Stream,,,,,,,39.0405000000,-122.9192000000,,,,GPS-Unspecified,OTHER,,,,,,,US,06,033,,,,,,,,,STORET
CA_BVR,"Big Valley Band of Pomo Indians of the Big Valley Rancheria, California (Tribal)",CA_BVR-FC2,Forbes Creek at Main St. in Lakeport,River/Stream,,,,,,,39.0409530000,-122.9150310000,,,,GPS-Unspecified,OTHER,,,,,,,US,06,033,,,,,,,,,STORET
CA_BVR,"Big Valley Band of Pomo Indians of the Big Valley Rancheria, California (Tribal)",CA_BVR-FCS,Post Fire Sampling Forbes Creek Downstream,River/Stream,,,,,,,39.0405000000,-122.9192000000,,,,GPS-Unspecified,OTHER,,,,,,,US,06,033,,,,,,,,,STORET
CA_BVR,"Big Valley Band of Pomo Indians of the Big Valley Rancheria, California (Tribal)",CA_BVR-FW122OAKS,Fish Wildlife 122 Oaks Arm,Lake,,18020116,,,,,39.0338276331,-122.7441326760,,,,GPS-Unspecified,NAD83,,,,,,,US,,,,,,,,,,,STORET
CA_BVR,"Big Valley Band of Pomo Indians of the Big Valley Rancheria, California (Tribal)",CA_BVR-FW156OAKS,Fish Wildlife 156 Oaks Arm,Lake,,18020116,,,,,39.0199300000,-122.6696000000,,,,GPS-Unspecified,NAD83,,,,,,,US,,,,,,,,,,,STORET
CA_BVR,"Big Valley Band of Pomo Indians of the Big Valley Rancheria, California (Tribal)",CA_BVR-FW174OAKS,Fish Wildlife 174 Oaks Arm,Lake,,18020116,,,,,39.0180900000,-122.6724000000,,,,GPS-Unspecified,NAD83,,,,,,,US,,,,,,,,,,,STORET
CA_BVR,"Big Valley Band of Pomo Indians of the Big Valley Rancheria, California (Tribal)",CA_BVR-FW215OAKS,Fish Wildlife 215 Oaks Arm,Lake,,18020116,,,,,39.9988773000,-122.6853238000,,,,GPS-Unspecified,NAD83,,,,,,,US,,,,,,,,,,,STORET
CA_BVR,"Big Valley Band of Pomo Indians of the Big Valley Rancheria, California (Tribal)",CA_BVR-FW250LOWER,Fish Wildlife 250 Lower Arm,Lake,,18020116,,,,,39.0056911000,-122.7293566000,,,,GPS-Unspecified,NAD83,,,,,,,US,,,,,,,,,,,STORET
CA_BVR,"Big Valley Band of Pomo Indians of the Big Valley Rancheria, California (Tribal)",CA_BVR-FW325LOWER,Fish Wildlife 325 Lower Arm,Lake,,18020116,,,,,38.9677600000,-122.6621000000,,,,GPS-Unspecified,NAD83,,,,,,,US,,,,,,,,,,,STORET
CA_BVR,"Big Valley Band of Pomo Indians of the Big Valley Rancheria, California (Tribal)",CA_BVR-FW390LOWER,Fish Wildlife 390 Lower Arm,Lake,,18020116,,,,,38.9512100000,-122.6567000000,,,,GPS-Unspecified,NAD83,,,,,,,US,,,,,,,,,,,STORET
CA_BVR,"Big Valley Band of Pomo Indians of the Big Valley Rancheria, California (Tribal)",CA_BVR-FW415LOWER,Fish Wildlife 415 Lower Arm,Lake,,18020116,,,,,38.9509100000,-122.6875000000,,,,GPS-Unspecified,NAD83,,,,,,,US,,,,,,,,,,,STORET
CA_BVR,"Big Valley Band of Pomo Indians of the Big Valley Rancheria, California (Tribal)",CA_BVR-FW50UPPER,Fish Wildlife 50 Upper Arm,Lake,,18020116,,,,,39.0952600000,-122.8030000000,,,,GPS-Unspecified,NAD83,,,,,,,US,,,,,,,,,,,STORET
CA_BVR,"Big Valley Band of Pomo Indians of the Big Valley Rancheria, California (Tribal)",CA_BVR-FW553UPPER,Fish Wildlife 553 Upper Arm,Lake,,18020116,,,,,39.0080000000,-122.7593000000,,,,GPS-Unspecified,NAD83,,,,,,,US,,,,,,,,,,,STORET
CA_BVR,"Big Valley Band of Pomo Indians of the Big Valley Rancheria, California (Tribal)",CA_BVR-FW609UPPER,Fish Wildlife 609 Upper Arm,Lake,,18020116,,,,,39.0189837922,-122.8070738960,,,,GPS-Unspecified,NAD83,,,,,,,US,,,,,,,,,,,STORET
CA_BVR,"Big Valley Band of Pomo Indians of the Big Valley Rancheria, California (Tribal)",CA_BVR-FW633UPPER,Fish Wildlife 633 Upper Arm,Lake,,18020116,,,,,39.0240000000,-122.8289000000,,,,GPS-Unspecified,NAD83,,,,,,,US,,,,,,,,,,,STORET
CA_BVR,"Big Valley Band of Pomo Indians of the Big Valley Rancheria, California (Tribal)",CA_BVR-FW640UPPER,Fish Wildlife 640 Upper Arm,Lake,,18020116,,,,,39.0286822000,-122.8347430000,,,,GPS-Unspecified,NAD83,,,,,,,US,,,,,,,,,,,STORET
CA_BVR,"Big Valley Band of Pomo Indians of the Big Valley Rancheria, California (Tribal)",CA_BVR-FW641UPPER,Fish Wildlife 641 Upper Arm,Lake,,18020116,,,,,39.0229600000,-122.8343900000,,,,GPS-Unspecified,NAD83,,,,,,,US,,,,,,,,,,,STORET
CA_BVR,"Big Valley Band of Pomo Indians of the Big Valley Rancheria, California (Tribal)",CA_BVR-FW687UPPER,Fish Wildlife 687 Upper Arm,Lake,,18020116,,,,,39.0289000000,-122.8699000000,,,,GPS-Unspecified,NAD83,,,,,,,US,,,,,,,,,,,STORET
CA_BVR,"Big Valley Band of Pomo Indians of the Big Valley Rancheria, California (Tribal)",CA_BVR-FW692UPPER,Fish Wildlife 692 Upper Arm,Lake,,18020116,,,,,39.0304000000,-122.8772000000,,,,GPS-Unspecified,NAD83,,,,,,,US,,,,,,,,,,,STORET
CA_BVR,"Big Valley Band of Pomo Indians of the Big Valley Rancheria, California (Tribal)",CA_BVR-FW69UPPER,Fish Wildlife 69 Upper Arm,Lake,,18020116,,,,,39.0772000000,-122.7841000000,,,,GPS-Unspecified,NAD83,,,,,,,US,,,,,,,,,,,STORET
CA_BVR,"Big Valley Band of Pomo Indians of the Big Valley Rancheria, California (Tribal)",CA_BVR-FW716UPPER,Fish Wildlife 716 Upper Arm,Lake,,18020116,,,,,39.0252000000,-122.9003000000,,,,GPS-Unspecified,NAD83,,,,,,,US,,,,,,,,,,,STORET
CA_BVR,"Big Valley Band of Pomo Indians of the Big Valley Rancheria, California (Tribal)",CA_BVR-FW762UPPER,Fish Wildlife 762 Upper Arm,Lake,,18020116,,,,,39.0560000000,-122.9132000000,,,,GPS-Unspecified,NAD83,,,,,,,US,,,,,,,,,,,STORET
CA_BVR,"Big Valley Band of Pomo Indians of the Big Valley Rancheria, California (Tribal)",CA_BVR-FW763UPPER,Fish Wildlife 763 Upper Arm,Lake,,18020116,,,,,39.0560000000,-122.9132000000,,,,GPS-Unspecified,NAD83,,,,,,,US,,,,,,,,,,,STORET
CA_BVR,"Big Valley Band of Pomo Indians of the Big Valley Rancheria, California (Tribal)",CA_BVR-FW772UPPER,Fish Wildlife 772 Upper Arm,Lake,,18020116,,,,,39.0691200000,-122.9121000000,,,,GPS-Unspecified,NAD83,,,,,,,US,,,,,,,,,,,STORET
CA_BVR,"Big Valley Band of Pomo Indians of the Big Valley Rancheria, California (Tribal)",CA_BVR-FW778UPPER,Fish Wildlife 778 Upper Arm,Lake,,18020116,,,,,39.0745600000,-122.8972000000,,,,GPS-Unspecified,NAD83,,,,,,,US,,,,,,,,,,,STORET
CA_BVR,"Big Valley Band of Pomo Indians of the Big Valley Rancheria, California (Tribal)",CA_BVR-FW816UPPER,Fish Wildlife 816 Upper Arm,Lake,,18020116,,,,,39.1033800000,-122.8972000000,,,,GPS-Unspecified,NAD83,,,,,,,US,,,,,,,,,,,STORET
CA_BVR,"Big Valley Band of Pomo Indians of the Big Valley Rancheria, California (Tribal)",CA_BVR-FW907LOWER,Fish Wildlife 907 Lower Arm,Lake,,18020116,,,,,38.9406500000,-122.6455000000,,,,GPS-Unspecified,NAD83,,,,,,,US,,,,,,,,,,,STORET
CA_BVR,"Big Valley Band of Pomo Indians of the Big Valley Rancheria, California (Tribal)",CA_BVR-GH,Glenhaven,Lake,,,,,,,39.0266360000,-122.7348030000,,,,GPS-Unspecified,OTHER,,,,,,,US,06,033,,,,,,,,,STORET
CA_BVR,"Big Valley Band of Pomo Indians of the Big Valley Rancheria, California (Tribal)",CA_BVR-GW,Gym Well,Well,,,,,,,39.0165400000,-122.8936000000,,,,GPS-Unspecified,OTHER,,,,,,,US,06,033,,,,,,,,,STORET
CA_BVR,"Big Valley Band of Pomo Indians of the Big Valley Rancheria, California (Tribal)",CA_BVR-HB,Horseshoe Bend,Lake,,,,,,,39.0119000000,-122.7605000000,,,,GPS-Unspecified,OTHER,,,,,,,US,06,033,,,,,,,,,STORET
CA_BVR,"Big Valley Band of Pomo Indians of the Big Valley Rancheria, California (Tribal)",CA_BVR-HSP,Tribal housing subdivision road runoff into Nutrient Buffer Pond,"Pipe, Unspecified Source",,,,,,,39.0147380600,-122.8911811000,,,,GPS-Unspecified,OTHER,,,,,,,US,06,033,,,,,,,,,STORET
CA_BVR,"Big Valley Band of Pomo Indians of the Big Valley Rancheria, California (Tribal)",CA_BVR-HWY20-OAK1,Indian Beach Resort,Lake,,,,,,,39.0232000000,-122.7234000000,,,,GPS-Unspecified,OTHER,,,,,,,US,06,033,,,,,,,,,STORET
CA_BVR,"Big Valley Band of Pomo Indians of the Big Valley Rancheria, California (Tribal)",CA_BVR-JB,Jago Bay   (Jones Bay),Lake,,,,,,,38.9498200000,-122.6594000000,,,,GPS-Unspecified,OTHER,,,,,,,US,06,033,,,,,,,,,STORET
CA_BVR,"Big Valley Band of Pomo Indians of the Big Valley Rancheria, California (Tribal)",CA_BVR-KC1,Kelsey Creek Soda Bay,River/Stream,,,,,,,39.0110220000,-122.8352110000,,,,GPS-Unspecified,OTHER,,,,,,,US,06,033,,,,,,,,,STORET
CA_BVR,"Big Valley Band of Pomo Indians of the Big Valley Rancheria, California (Tribal)",CA_BVR-KC2,"Kelsey Creek burn zone-after the confluence of Kelsey, Jones, and Houghton which are entirely burned",River/Stream,,,,,,,38.8391666700,-122.7428333000,,,,GPS-Unspecified,OTHER,,,,,,,US,06,033,,,,,,,,,STORET
CA_BVR,"Big Valley Band of Pomo Indians of the Big Valley Rancheria, California (Tribal)",CA_BVR-KC3,Kelsey Creek upstream from burn zone (non burned),River/Stream,,,,,,,38.8208333300,-122.7193333000,,,,GPS-Unspecified,OTHER,,,,,,,US,06,033,,,,,,,,,STORET
CA_BVR,"Big Valley Band of Pomo Indians of the Big Valley Rancheria, California (Tribal)",CA_BVR-KC4,Kelsey Creek at bridge where Hwy 175 and Bottle Rock meet in Cobb,River/Stream,,,,,,,38.8240000000,-122.7215000000,,,,GPS-Unspecified,OTHER,,,,,,,US,06,033,,,,,,,,,STORET
CA_BVR,"Big Valley Band of Pomo Indians of the Big Valley Rancheria, California (Tribal)",CA_BVR-KEYS01,A channel within the Oaks Keys paralleling Highway 20,Lake,,,,,,,39.0250735000,-122.6597850000,,,,GPS-Unspecified,OTHER,,,,,,,US,06,033,,,,,,,,,STORET
CA_BVR,"Big Valley Band of Pomo Indians of the Big Valley Rancheria, California (Tribal)",CA_BVR-KEYS03,A bridge within the Oaks Keys on Blue Heron Drive,Lake,,,,,,,39.0239133900,-122.6717539700,,,,GPS-Unspecified,OTHER,,,,,,,US,06,033,,,,,,,,,STORET
CA_BVR,"Big Valley Band of Pomo Indians of the Big Valley Rancheria, California (Tribal)",CA_BVR-KP01,Keeling Park 01,Lake,,,,,,,39.1212770000,-122.8555410000,,,,GPS-Unspecified,OTHER,,,,,,,US,06,033,,,,,,,,,STORET
CA_BVR,"Big Valley Band of Pomo Indians of the Big Valley Rancheria, California (Tribal)",CA_BVR-LA-03,UC Davis Site in middle of lake: Lower Arm 03,Lake,,,,,,,38.9830000000,-122.7170000000,,,,GPS-Unspecified,OTHER,,,,,,,US,06,033,,,,,,,,,STORET
CA_BVR,"Big Valley Band of Pomo Indians of the Big Valley Rancheria, California (Tribal)",CA_BVR-LC01,Lily Cove 01,Lake,,,,,,,38.5850000000,-122.4122000000,,,,GPS-Unspecified,OTHER,,,,,,,US,06,033,,,,,,,,,STORET
CA_BVR,"Big Valley Band of Pomo Indians of the Big Valley Rancheria, California (Tribal)",CA_BVR-LPTNT,Old Lakeport TNT Restaurant at boat launch,Lake,,,,,,,39.0424000000,-122.9139000000,,,,GPS-Unspecified,OTHER,,,,,,,US,06,033,,,,,,,,,STORET
CA_BVR,"Big Valley Band of Pomo Indians of the Big Valley Rancheria, California (Tribal)",CA_BVR-LS,"North Lakeport, Lakeshore at Pit Stop Restaurant Marina",Lake,,,,,,,39.0837000000,-122.9033000000,,,,GPS-Unspecified,OTHER,,,,,,,US,06,033,,,,,,,,,STORET
CA_BVR,"Big Valley Band of Pomo Indians of the Big Valley Rancheria, California (Tribal)",CA_BVR-LS2,Lake Shore adjacent to new TNT Restaurant on shoreline,Lake,,,,,,,39.0638880000,-122.9136110000,,,,GPS-Unspecified,OTHER,,,,,,,US,06,033,,,,,,,,,STORET
CA_BVR,"Big Valley Band of Pomo Indians of the Big Valley Rancheria, California (Tribal)",CA_BVR-LUC01,Lucerne Harbor Park 01,Lake,,,,,,,39.0896960000,-122.7961150000,,,,GPS-Unspecified,OTHER,,,,,,,US,06,033,,,,,,,,,STORET
CA_BVR,"Big Valley Band of Pomo Indians of the Big Valley Rancheria, California (Tribal)",CA_BVR-M1,Boat Ramp of Big Valley Rancheria Marina,Lake,,,,,,,39.0221000000,-122.8878000000,,,,GPS-Unspecified,OTHER,,,,,,,US,06,033,,,,,,,,,STORET
CA_BVR,"Big Valley Band of Pomo Indians of the Big Valley Rancheria, California (Tribal)",CA_BVR-M2,East Corner  of Big Valley Rancheria Marina,Lake,,,,,,,39.0219822200,-122.8876000000,,,,GPS-Unspecified,OTHER,,,,,,,US,06,033,,,,,,,,,STORET
CA_BVR,"Big Valley Band of Pomo Indians of the Big Valley Rancheria, California (Tribal)",CA_BVR-M3,Solar Bee of Big Valley Rancheria Marina,Lake,,,,,,,39.0226000000,-122.8886000000,,,,GPS-Unspecified,OTHER,,,,,,,US,06,033,,,,,,,,,STORET
CA_BVR,"Big Valley Band of Pomo Indians of the Big Valley Rancheria, California (Tribal)",CA_BVR-M4,West Corner of Big Valley Rancheria Marina,Lake,,,,,,,39.0219000000,-122.8889761000,,,,GPS-Unspecified,OTHER,,,,,,,US,06,033,,,,,,,,,STORET
CA_BVR,"Big Valley Band of Pomo Indians of the Big Valley Rancheria, California (Tribal)",CA_BVR-M5,Puddle that forms on Mission Rancheria at hotel turn in which drains into the lake,Land Runoff,,,,,,,39.0219000000,-122.8875000000,,,,GPS-Unspecified,OTHER,,,,,,,US,06,033,,,,,,,,,STORET
CA_BVR,"Big Valley Band of Pomo Indians of the Big Valley Rancheria, California (Tribal)",CA_BVR-MC1,Manning Creek at Soda Bay Rd.,River/Stream,,,,,,,39.0112900000,-122.9004000000,,,,GPS-Unspecified,OTHER,,,,,,,US,06,033,,,,,,,,,STORET
CA_BVR,"Big Valley Band of Pomo Indians of the Big Valley Rancheria, California (Tribal)",CA_BVR-MC2,Manning Creek at Granite bridge on HWY175,River/Stream,,,,,,,38.9951630000,-122.9324260000,,,,GPS-Unspecified,OTHER,,,,,,,US,06,033,,,,,,,,,STORET
CA_BVR,"Big Valley Band of Pomo Indians of the Big Valley Rancheria, California (Tribal)",CA_BVR-MCC1,McGaugh Slough Soda Bay Rd.,River/Stream,,,,,,,39.0150900000,-122.8616000000,,,,GPS-Unspecified,OTHER,,,,,,,US,06,033,,,,,,,,,STORET
CA_BVR,"Big Valley Band of Pomo Indians of the Big Valley Rancheria, California (Tribal)",CA_BVR-MNCA,Post Fire Sampling Manning Creek Granite Construction Downstream,River/Stream,,,,,,,38.9951630000,-122.9324260000,,,,GPS-Unspecified,OTHER,,,,,,,US,06,033,,,,,,,,,STORET
CA_BVR,"Big Valley Band of Pomo Indians of the Big Valley Rancheria, California (Tribal)",CA_BVR-MNCB,Post Fire Sampling Manning Creek at Soda Bay Rd. Downstream,River/Stream,,,,,,,39.0112900000,-122.9004000000,,,,GPS-Unspecified,OTHER,,,,,,,US,06,033,,,,,,,,,STORET
CA_BVR,"Big Valley Band of Pomo Indians of the Big Valley Rancheria, California (Tribal)",CA_BVR-MW 1,Well 1-200 Ft. south of Soda Bay Rd. and 200 Ft. west of water plant rd. entrance,Well,,,,,,,39.0116800000,-122.8926000000,,,,GPS-Unspecified,OTHER,,,,,,,US,06,033,,,,,,,,,STORET
CA_BVR,"Big Valley Band of Pomo Indians of the Big Valley Rancheria, California (Tribal)",CA_BVR-MW 2,Well 2-300 Ft. east of production well adjacent to Soda Bay Rd.,Well,,,,,,,39.0144800000,-122.8900000000,,,,GPS-Unspecified,OTHER,,,,,,,US,06,033,,,,,,,,,STORET
CA_BVR,"Big Valley Band of Pomo Indians of the Big Valley Rancheria, California (Tribal)",CA_BVR-MW 3,Well 3-200 Ft. east of Pond 1 next to water plant rd.,Well,,,,,,,39.0132800000,-122.8917000000,,,,GPS-Unspecified,OTHER,,,,,,,US,06,033,,,,,,,,,STORET
CA_BVR,"Big Valley Band of Pomo Indians of the Big Valley Rancheria, California (Tribal)",CA_BVR-MW 4,Well 4-100 Ft. east of Soda Bay Rd. behind 540 Yellowhammer Rd.,Well,,,,,,,39.0124100000,-122.8898000000,,,,GPS-Unspecified,OTHER,,,,,,,US,06,033,,,,,,,,,STORET
CA_BVR,"Big Valley Band of Pomo Indians of the Big Valley Rancheria, California (Tribal)",CA_BVR-NBPRSC,Stormwater from nutrient buffer pond into Rumsey Slough,"Pipe, Unspecified Source",,,,,,,39.0150013900,-122.8905789000,,,,GPS-Unspecified,OTHER,,,,,,,US,06,033,,,,,,,,,STORET
CA_BVR,"Big Valley Band of Pomo Indians of the Big Valley Rancheria, California (Tribal)",CA_BVR-NR-02,UC Davis Site in middle of lake: Narrows 02,Lake,,,,,,,39.0280000000,-122.7170000000,,,,GPS-Unspecified,OTHER,,,,,,,US,06,033,,,,,,,,,STORET
CA_BVR,"Big Valley Band of Pomo Indians of the Big Valley Rancheria, California (Tribal)",CA_BVR-OA-04,UC Davis Site in middl of lake: Oaks Arm 04,Lake,,,,,,,39.0127000000,-122.6990000000,,,,GPS-Unspecified,OTHER,,,,,,,US,06,033,,,,,,,,,STORET
CA_BVR,"Big Valley Band of Pomo Indians of the Big Valley Rancheria, California (Tribal)",CA_BVR-PA,Pond A  Treated Effluents at WWTP,Pond-Wastewater,,18020116,,,,,39.0120700000,-122.8904000000,,,,GPS-Unspecified,NAD83,,,,,,,US,,,,,,,,,,,STORET
CA_BVR,"Big Valley Band of Pomo Indians of the Big Valley Rancheria, California (Tribal)",CA_BVR-PB,Pond B Treated Effluents at WWTP,Pond-Wastewater,,18020116,,,,,39.0128500000,-122.8902000000,,,,GPS-Unspecified,NAD83,,,,,,,US,,,,,,,,,,,STORET
CA_BVR,"Big Valley Band of Pomo Indians of the Big Valley Rancheria, California (Tribal)",CA_BVR-PC1,"Putah Creek-Adjacent to 21577 Yankee Valley Rd., Hidden Valley",River/Stream,,,,,,,38.7804000000,-122.5179000000,,,,GPS-Unspecified,OTHER,,,,,,,US,06,033,,,,,,,,,STORET
CA_BVR,"Big Valley Band of Pomo Indians of the Big Valley Rancheria, California (Tribal)",CA_BVR-PL,Pre-Leach,Waste Sewer,,18020116,,,,,39.0116100000,-122.8898000000,,,,GPS-Unspecified,NAD83,,,,,,,US,,,,,,,,,,,STORET
CA_BVR,"Big Valley Band of Pomo Indians of the Big Valley Rancheria, California (Tribal)",CA_BVR-RED01,Redbud Park 01,Lake,,,,,,,38.5654000000,-122.3816000000,,,,GPS-Unspecified,OTHER,,,,,,,US,06,033,,,,,,,,,STORET
CA_BVR,"Big Valley Band of Pomo Indians of the Big Valley Rancheria, California (Tribal)",CA_BVR-RODS,Rodman Slough,Lake,,,,,,,39.1183000000,-122.8865810000,,,,GPS-Unspecified,OTHER,,,,,,,US,06,033,,,,,,,,,STORET
CA_BVR,"Big Valley Band of Pomo Indians of the Big Valley Rancheria, California (Tribal)",CA_BVR-RP,Richmond Park on the beach,Lake,,18020116,,,,,38.9629000000,-122.7311000000,,,,GPS-Unspecified,NAD83,,,,,,,US,,,,,,,,,,,STORET
CA_BVR,"Big Valley Band of Pomo Indians of the Big Valley Rancheria, California (Tribal)",CA_BVR-RSTCC,Rumsey Slough Thompson Creek Culvert (outflow from BVRTCC),"Pipe, Unspecified Source",,,,,,,39.0147200000,-122.8905600000,,,,GPS-Unspecified,OTHER,,,,,,,US,06,033,,,,,,,,,STORET
CA_BVR,"Big Valley Band of Pomo Indians of the Big Valley Rancheria, California (Tribal)",CA_BVR-SBMMEL01,Sulphur Bank Mercury Mine 01,Lake,,,,,,,38.9998600000,-122.6172000000,,,,GPS-Unspecified,OTHER,,,,,,,US,06,033,,,,,,,,,STORET
CA_BVR,"Big Valley Band of Pomo Indians of the Big Valley Rancheria, California (Tribal)",CA_BVR-SC01,Schindler Creek 01,River/Stream,,,,,,,39.0219353100,-122.6671753200,,,,GPS-Unspecified,OTHER,,,,,,,US,06,033,,,,,,,,,STORET
CA_BVR,"Big Valley Band of Pomo Indians of the Big Valley Rancheria, California (Tribal)",CA_BVR-SC1,Seasonal Creek at Soda Bay Rd. across from Redi-Mix,River/Stream,,,,,,,39.0114420000,-122.9068080000,,,,GPS-Unspecified,OTHER,,,,,,,US,06,033,,,,,,,,,STORET
CA_BVR,"Big Valley Band of Pomo Indians of the Big Valley Rancheria, California (Tribal)",CA_BVR-SHADY01,Shady Acres Campground now called Clearlake Campground,Lake,,,,,,,38.9254670000,-122.6165990000,,,,GPS-Unspecified,OTHER,,,,,,,US,06,033,,,,,,,,,STORET
CA_BVR,"Big Valley Band of Pomo Indians of the Big Valley Rancheria, California (Tribal)",CA_BVR-SHC1,"Saint Helena Creek Hilderbrand Dr. bridge, Middletown",River/Stream,,,,,,,38.7045500000,-122.6037000000,,,,GPS-Unspecified,OTHER,,,,,,,US,06,033,,,,,,,,,STORET
CA_BVR,"Big Valley Band of Pomo Indians of the Big Valley Rancheria, California (Tribal)",CA_BVR-SW,Source/Production Well 50 Ft. north of Soda Bay Rd. at the confluence of Old Soda Bay Rd. and new Soda Bay Rd.,Well,,,,,,,39.0117000000,-122.8939000000,,,,GPS-Unspecified,OTHER,,,,,,,US,06,033,,,,,,,,,STORET
CA_BVR,"Big Valley Band of Pomo Indians of the Big Valley Rancheria, California (Tribal)",CA_BVR-TC1,Thompson Creek at Big Valley Rd,River/Stream,,,,,,,39.0100300000,-122.8944000000,,,,GPS-Unspecified,OTHER,,,,,,,US,06,033,,,,,,,,,STORET
CA_BVR,"Big Valley Band of Pomo Indians of the Big Valley Rancheria, California (Tribal)",CA_BVR-UA-01,UC Davis Site in middle of lake: Upper Arm 01,Lake,,,,,,,39.0240000000,-122.7880000000,,,,GPS-Unspecified,OTHER,,,,,,,US,06,033,,,,,,,,,STORET
CA_BVR,"Big Valley Band of Pomo Indians of the Big Valley Rancheria, California (Tribal)",CA_BVR-UA-06,UC Davis Site in middle of lake: Upper Arm 06,Lake,,,,,,,39.0610000000,-122.8170000000,,,,GPS-Unspecified,OTHER,,,,,,,US,06,033,,,,,,,,,STORET
CA_BVR,"Big Valley Band of Pomo Indians of the Big Valley Rancheria, California (Tribal)",CA_BVR-UA-07,UC Davis Site in middle of lake: Upper Arm 07,Lake,,,,,,,39.0610000000,-122.8730000000,,,,GPS-Unspecified,OTHER,,,,,,,US,06,033,,,,,,,,,STORET
CA_BVR,"Big Valley Band of Pomo Indians of the Big Valley Rancheria, California (Tribal)",CA_BVR-UA-08,UC Davis Site in middle of lake: Upper Arm 08,Lake,,,,,,,39.0940000000,-122.8470000000,,,,GPS-Unspecified,OTHER,,,,,,,US,06,033,,,,,,,,,STORET
CA_BVR,"Big Valley Band of Pomo Indians of the Big Valley Rancheria, California (Tribal)",CA_BVR-UBL,Upper Blue Lakes,Lake,,,,,,,39.1700389000,-123.0077778000,,,,GPS-Unspecified,OTHER,,,,,,,US,06,033,,,,,,,,,STORET